{
    "AR_data": {
        "plane_center": [
            0.1313185691833496,
            0.012583613395690918,
            -0.39705371856689453
        ],
        "plane_normal": [
            -0.8251041769981384,
            -0.09469608962535858,
            0.5569881796836853
        ]
    },
    "camera_data": {
        "camera_projection_matrix": [
            [
                1.5444543361663818,
                0.0,
                0.028161287307739258,
                0.0
            ],
            [
                0.0,
                2.059272527694702,
                0.0035550594329833984,
                0.0
            ],
            [
                0.0,
                0.0,
                -0.9999997615814209,
                -0.0009999998146668077
            ],
            [
                0.0,
                0.0,
                -1.0,
                0.0
            ]
        ],
        "camera_view_matrix": [
            [
                0.5649598836898804,
                -0.8251126408576965,
                -0.0030607301741838455,
                1.7473045587539673
            ],
            [
                -0.14363904297351837,
                -0.09469644725322723,
                -0.9850890040397644,
                0.6819428205490112
            ],
            [
                0.8125196695327759,
                0.5569753646850586,
                -0.1720181405544281,
                4.067955017089844
            ],
            [
                0.0,
                0.0,
                0.0,
                1.0
            ]
        ],
        "height": 800,
        "intrinsics": {
            "cx": 300.8581797281901,
            "cy": 388.5271453857422,
            "fx": 617.781728108724,
            "fy": 617.781728108724
        },
        "location_world": [
            -4.1944966316223145,
            -0.759450376033783,
            1.3768842220306396
        ],
        "quaternion_world_xyzw": [
            0.6766968240576172,
            -0.35789727993878534,
            0.2990478332122653,
            -0.5697028512951309
        ],
        "width": 600
    },
    "objects": [
        {
            "class": "chair",
            "keypoints_3d": [
                [
                    0.019928336143493652,
                    -0.00020039081573486328,
                    -0.32186222076416016
                ],
                [
                    0.10417306423187256,
                    -0.06290775537490845,
                    -0.4501028060913086
                ],
                [
                    0.15498650074005127,
                    -0.07855898141860962,
                    -0.3774876594543457
                ],
                [
                    -0.11860740184783936,
                    -0.08847576379776001,
                    -0.29971933364868164
                ],
                [
                    -0.0677938461303711,
                    -0.10412698984146118,
                    -0.22710418701171875
                ],
                [
                    0.10765039920806885,
                    0.10372602939605713,
                    -0.41662025451660156
                ],
                [
                    0.1584641933441162,
                    0.08807480335235596,
                    -0.34400510787963867
                ],
                [
                    -0.11512994766235352,
                    0.07815802097320557,
                    -0.2662367820739746
                ],
                [
                    -0.06431615352630615,
                    0.0625067949295044,
                    -0.19362163543701172
                ]
            ],
            "location": [
                0.019928316088683395,
                -0.00020049563727653208,
                -0.3218622448501236
            ],
            "name": "chair_0",
            "projected_cuboid": [
                [
                    298,
                    427
                ],
                [
                    212,
                    532
                ],
                [
                    170,
                    643
                ],
                [
                    115,
                    143
                ],
                [
                    14,
                    203
                ],
                [
                    453,
                    548
                ],
                [
                    457,
                    674
                ],
                [
                    480,
                    120
                ],
                [
                    499,
                    182
                ]
            ],
            "provenance": "objectron",
            "quaternion_xyzw": [
                0.2776301760203054,
                0.13965193532476403,
                0.6857621592773288,
                0.6581406257224044
            ],
            "scale": [
                0.17000000178813934,
                0.27000001072883606,
                0.09000000357627869
            ]
        }
    ]
}